"FirstName","Phone","Notes"
"John Doe","1234567890","Lorem ipsum dolor sit amet, consectetur adipiscing elit."
"Jane Smith","9876543210","Nulla euismod purus vel ex semper, eget posuere elit congue."
"Michael Johnson","5551234567","Fusce scelerisque risus ac risus ultricies, at faucibus dui tincidunt."
"Emily Davis","9998887776","Suspendisse nec orci vel mauris commodo posuere."
"David Brown","1112223333","Quisque fermentum odio id quam tincidunt, eget tristique justo blandit."
"Sarah Wilson","4445556666","Donec auctor lorem sed velit dignissim, ac tristique ligula maximus."
"Matthew Martinez","7778889999","Pellentesque habitant morbi tristique senectus et netus et malesuada fames ac turpis egestas."
"Jessica Taylor","2223334444","Vivamus non est ac justo tincidunt cursus."
"Christopher Wilson","6667778888","Aenean et libero quis purus auctor accumsan."
"Amanda Anderson","3334445555","Maecenas dignissim odio nec libero blandit, nec luctus urna tempor."
"James Thomas","8889990000","Integer rhoncus erat nec nulla venenatis, non condimentum nisi tincidunt."
"Nicole White","5554443333","Morbi nec libero nec velit faucibus rutrum."
"Ryan Miller","1110009999","Curabitur vel leo et eros consequat ultricies."
"Olivia Garcia","7776665555","Phasellus gravida urna in nisl ultricies, sit amet aliquam lorem suscipit."
"Daniel Hernandez","9990001111","Nam interdum ligula quis elit vestibulum, quis maximus ante efficitur."
"Ashley Gonzalez","4443332222","Vestibulum eget lacus sit amet sem lobortis sollicitudin."
"Joshua Perez","2221110000","Mauris ultricies odio vitae eros aliquet, at consequat dolor laoreet."
"Samantha Ramirez","8887776666","Duis sit amet dolor a mauris fermentum tristique."
"Kevin Torres","3332221111","Fusce ut sem eget augue rhoncus gravida sed nec sapien."
"Elizabeth Flores","6665554444","Etiam quis felis nec lectus finibus varius."
"Brandon Lewis","1112223333","Aliquam erat volutpat. Phasellus sit amet eros varius, fermentum nisl nec, scelerisque libero."
"Hannah Martin","7778889999","Integer rutrum purus quis leo commodo, vel malesuada ex volutpat."
"Andrew Lee","2223334444","Nam scelerisque justo vitae tellus consectetur, in lacinia ligula ultrices."
"Megan Walker","5556667777","Curabitur vulputate eros sit amet libero faucibus, vel ultrices dui consequat."
"Justin Hall","9998887777","Vivamus congue lorem id diam gravida, ut lobortis neque ultricies."
